scan_num,scan_time,type,bpi,bpi_mz,tic,num_peaks,num_deisotoped
6005,32.6941,1,0,0,3.143014E+09,0,56
6012,32.7265,1,0,0,3.30819E+09,0,54
6019,32.7614,1,0,0,3.134506E+09,0,54
